id;age;job;marital;education;balance;housing;loan;default
1;26.0;unemployed;married;tertiary;454;yes;yes;no
2;25.0;technician;married;secondary;517;no;no;no
3;36.0;technician;single;secondary;1044;yes;no;no
4;45.0;blue-collar;married;secondary;146;yes;yes;no
5;27.0;management;married;tertiary;145;no;no;no
6;45.0;unemployed;divorced;primary;11;no;no;yes
7;35.0;management;married;tertiary;298;yes;no;no
8;27.0;technician;single;secondary;905;yes;yes;no
9;;management;married;tertiary;-485;yes;no;yes
10;32.0;unemployed;married;secondary;10;yes;no;no
11;46.0;blue-collar;married;secondary;78;yes;yes;no
12;53.0;management;married;tertiary;0;no;no;no
13;32.0;management;single;tertiary;223;no;no;no
14;34.0;student;;tertiary;387;yes;no;no
15;58.0;management;married;tertiary;96;no;no;no
16;77.0;retired;married;tertiary;0;no;no;no
17;31.0;blue-collar;single;secondary;-161;no;no;no
18;47.0;blue-collar;;secondary;3630;yes;no;no
19;;blue-collar;married;secondary;302;no;yes;no
20;47.0;blue-collar;married;primary;1452;yes;yes;no
21;32.0;management;married;tertiary;1651;yes;no;no
22;31.0;admin.;married;secondary;84;yes;no;no
23;30.0;management;single;secondary;2143;yes;yes;no
24;31.0;management;single;tertiary;682;yes;no;no
25;59.0;retired;divorced;secondary;337;yes;no;yes
26;23.0;technician;single;secondary;4545;no;no;no
27;40.0;blue-collar;married;primary;1698;yes;yes;no
28;39.0;blue-collar;married;secondary;1367;no;no;no
29;57.0;blue-collar;;primary;3109;no;no;no
30;56.0;management;married;tertiary;480;yes;no;no
31;44.0;services;married;secondary;3536;no;no;no
32;;housemaid;single;secondary;781;yes;no;no
33;75.0;retired;married;secondary;291;no;no;no
34;27.0;blue-collar;single;secondary;3145;no;no;no
35;45.0;services;married;secondary;-75;yes;no;no
36;35.0;admin.;married;secondary;1035;yes;yes;no
37;36.0;services;;secondary;981;no;no;no
38;55.0;management;divorced;tertiary;552;no;no;no
39;54.0;technician;married;secondary;465;yes;yes;yes
40;45.0;technician;married;unknown;886;yes;no;no
41;56.0;retired;married;primary;-464;yes;no;no
42;57.0;retired;;tertiary;34;no;yes;no
43;;technician;married;secondary;-74;yes;no;yes
44;53.0;blue-collar;married;secondary;1777;yes;no;no
45;30.0;technician;single;secondary;1395;yes;no;no
46;36.0;management;married;secondary;-148;no;no;no
47;73.0;retired;married;tertiary;1843;no;no;no
48;33.0;unknown;single;secondary;1522;no;yes;no
49;51.0;blue-collar;divorced;tertiary;257;yes;no;yes
50;;retired;divorced;primary;1327;yes;yes;yes
51;37.0;housemaid;married;primary;0;no;no;no
52;39.0;blue-collar;;secondary;497;no;no;no
53;32.0;blue-collar;married;primary;902;yes;no;no
54;44.0;blue-collar;married;secondary;1311;yes;no;no
55;46.0;blue-collar;married;primary;1596;no;no;no
56;43.0;management;married;tertiary;2767;yes;no;no
57;25.0;entrepreneur;single;tertiary;0;no;no;no
58;46.0;admin.;divorced;secondary;984;yes;no;no
59;28.0;management;married;tertiary;84;no;yes;yes
60;;blue-collar;married;unknown;231;yes;no;no
61;26.0;admin.;single;tertiary;3730;yes;no;no
62;53.0;retired;;secondary;1139;yes;no;no
63;42.0;blue-collar;married;secondary;388;yes;yes;no
64;35.0;blue-collar;married;secondary;485;yes;no;no
65;32.0;blue-collar;married;secondary;363;yes;no;no
66;40.0;blue-collar;married;secondary;-313;yes;no;no
67;33.0;entrepreneur;single;secondary;278;no;no;no
68;41.0;blue-collar;married;secondary;-204;yes;no;yes
69;30.0;admin.;married;secondary;2931;yes;no;no
70;32.0;management;single;tertiary;3;yes;no;no
71;40.0;technician;single;secondary;2244;no;yes;no
72;42.0;services;married;primary;5879;yes;no;no
73;41.0;technician;married;secondary;871;yes;no;no
74;40.0;admin.;;secondary;35;no;no;no
75;;technician;married;secondary;757;no;no;no
76;63.0;blue-collar;married;primary;115;no;no;yes
77;39.0;management;divorced;secondary;51;no;no;no
78;36.0;blue-collar;married;secondary;580;no;no;no
79;43.0;management;married;tertiary;4923;yes;no;no
80;25.0;admin.;single;tertiary;3730;yes;no;no
81;40.0;blue-collar;married;secondary;-605;yes;yes;no
82;32.0;blue-collar;;secondary;34;yes;no;no
83;54.0;technician;single;secondary;2237;no;no;yes
84;53.0;blue-collar;married;secondary;285;yes;yes;no
85;41.0;admin.;married;secondary;-120;no;no;yes
86;54.0;technician;divorced;secondary;-291;no;no;yes
87;45.0;management;married;tertiary;31472;no;no;no
88;33.0;blue-collar;;secondary;529;yes;no;no
89;;technician;single;secondary;35;no;no;no
90;31.0;admin.;single;secondary;1340;no;no;no
91;40.0;admin.;married;secondary;149;yes;no;no
92;33.0;technician;single;secondary;5235;no;no;no
93;49.0;technician;married;secondary;3466;yes;no;no
94;39.0;management;married;tertiary;575;no;no;no
95;46.0;services;divorced;secondary;348;yes;no;no
96;28.0;student;single;tertiary;1096;no;no;no
97;30.0;technician;single;tertiary;1646;no;no;no
98;59.0;retired;divorced;secondary;1;no;no;no
99;24.0;services;single;secondary;77;yes;yes;no
100;28.0;technician;single;tertiary;0;yes;no;no
101;;blue-collar;;primary;676;yes;no;no
102;23.0;student;single;secondary;556;yes;no;no
103;56.0;management;married;secondary;3164;no;no;no
104;53.0;admin.;married;secondary;257;no;no;no
105;59.0;blue-collar;married;primary;0;no;no;yes
106;31.0;technician;single;secondary;0;no;no;no
107;27.0;blue-collar;;secondary;5854;no;no;no
108;32.0;services;single;secondary;1168;yes;no;no
109;39.0;housemaid;married;secondary;1029;yes;yes;no
110;;blue-collar;married;secondary;685;yes;no;no
111;33.0;technician;single;tertiary;2565;yes;no;no
112;33.0;management;married;tertiary;5878;no;no;no
113;52.0;admin.;divorced;tertiary;0;yes;yes;no
114;36.0;services;single;secondary;590;yes;no;no
115;40.0;admin.;;secondary;1538;yes;no;no
116;36.0;services;single;secondary;260;yes;no;no
117;;blue-collar;divorced;secondary;0;no;no;no
118;43.0;technician;divorced;secondary;353;yes;no;yes
119;36.0;management;divorced;tertiary;0;no;no;no
120;34.0;admin.;single;tertiary;18;yes;yes;no
121;55.0;management;married;tertiary;1161;yes;no;yes
122;29.0;services;married;secondary;13;no;no;no
123;;blue-collar;married;primary;0;no;no;no
124;35.0;unemployed;married;secondary;978;no;no;no
125;33.0;management;married;tertiary;273;yes;no;no
126;48.0;services;;secondary;194;yes;yes;no
127;33.0;management;married;tertiary;78;yes;no;no
128;38.0;admin.;single;unknown;0;yes;no;no
129;44.0;technician;divorced;secondary;303;yes;yes;no
130;54.0;services;married;tertiary;0;no;no;no
131;;management;married;tertiary;4374;yes;no;no
132;32.0;housemaid;;secondary;216;no;yes;no
133;52.0;unemployed;married;tertiary;1595;no;no;no
134;29.0;management;single;tertiary;21;yes;no;no
135;32.0;blue-collar;married;secondary;4;yes;yes;no
136;29.0;student;single;unknown;7585;no;no;no
137;55.0;retired;married;secondary;4230;no;yes;no
138;34.0;technician;;tertiary;932;yes;no;no
139;54.0;management;married;secondary;282;yes;yes;no
140;;management;married;tertiary;62;yes;no;no
141;33.0;technician;married;unknown;0;no;no;no
142;36.0;blue-collar;married;secondary;3463;yes;no;no
143;40.0;blue-collar;;primary;0;no;no;no
144;51.0;blue-collar;married;primary;1491;yes;no;no
145;33.0;technician;married;tertiary;575;yes;no;no
146;32.0;housemaid;married;primary;0;yes;no;no
147;37.0;housemaid;divorced;secondary;37;no;no;no
148;35.0;entrepreneur;married;secondary;24;yes;no;no
149;32.0;blue-collar;single;secondary;567;yes;no;no
150;30.0;services;single;secondary;290;yes;no;no
151;;management;single;tertiary;536;no;no;no
152;36.0;blue-collar;married;secondary;4;yes;no;no
153;40.0;blue-collar;married;unknown;1181;yes;no;no
154;26.0;admin.;single;secondary;-14;no;no;no
155;27.0;technician;single;secondary;911;no;no;no
156;58.0;blue-collar;married;secondary;266;yes;no;no
157;43.0;entrepreneur;single;tertiary;5347;no;no;no
158;36.0;technician;single;tertiary;40;no;no;no
159;33.0;services;married;secondary;930;no;yes;no
160;51.0;blue-collar;;primary;4712;no;no;no
161;37.0;blue-collar;married;secondary;982;yes;no;no
162;47.0;blue-collar;married;secondary;0;yes;no;no
163;;management;married;tertiary;618;no;no;no
164;58.0;blue-collar;married;primary;3108;no;yes;no
165;60.0;retired;;primary;55;no;no;no
166;49.0;blue-collar;married;primary;953;yes;no;no
167;40.0;admin.;married;tertiary;10035;no;no;no
168;59.0;admin.;;secondary;2552;no;yes;no
169;27.0;management;married;tertiary;893;no;no;no
170;;technician;single;unknown;766;no;no;no
171;25.0;admin.;single;secondary;681;yes;no;no
172;27.0;management;single;tertiary;648;yes;yes;no
173;29.0;management;single;tertiary;7578;no;no;no
174;60.0;technician;divorced;secondary;0;no;no;no
175;33.0;technician;married;tertiary;-988;yes;yes;no
176;34.0;management;single;tertiary;163;no;no;no
177;;blue-collar;single;secondary;2096;yes;no;no
178;49.0;entrepreneur;divorced;secondary;2908;no;no;no
179;34.0;blue-collar;married;primary;425;yes;no;no
180;39.0;blue-collar;married;secondary;7653;no;no;no
181;52.0;blue-collar;married;primary;1141;yes;no;no
182;;technician;married;secondary;414;yes;no;no
183;83.0;retired;divorced;primary;20;no;no;no
184;39.0;management;;tertiary;5142;no;no;no
185;35.0;blue-collar;married;primary;424;yes;no;no
186;29.0;unemployed;single;unknown;67;no;no;no
187;34.0;self-employed;married;tertiary;870;no;no;no
188;37.0;services;married;unknown;-224;no;no;no
189;59.0;retired;;unknown;613;no;no;no
190;32.0;blue-collar;single;secondary;313;yes;yes;no
191;;management;single;tertiary;84;no;no;no
192;31.0;admin.;divorced;secondary;525;no;yes;no
193;33.0;services;single;secondary;3269;no;yes;no
194;30.0;management;single;tertiary;47;no;yes;no
195;34.0;admin.;married;secondary;2374;yes;no;no
196;34.0;management;single;tertiary;886;yes;no;no
197;52.0;blue-collar;married;unknown;2171;yes;no;no
198;34.0;technician;single;secondary;3;yes;yes;no
199;46.0;unemployed;divorced;secondary;22;no;no;yes
200;50.0;housemaid;married;primary;1098;no;no;no
201;32.0;technician;single;secondary;316;no;no;no
202;45.0;blue-collar;married;primary;0;no;no;no
203;32.0;services;single;secondary;5806;yes;no;no
204;;unemployed;married;secondary;1466;yes;no;yes
205;57.0;technician;divorced;secondary;0;yes;no;no
206;24.0;technician;single;secondary;81;yes;no;no
207;40.0;blue-collar;married;secondary;2671;yes;yes;no
208;47.0;blue-collar;;secondary;737;no;yes;no
209;57.0;management;married;tertiary;1016;no;no;no
210;53.0;management;married;tertiary;1102;no;no;no
211;20.0;student;single;unknown;8860;no;no;no
212;51.0;technician;married;secondary;180;yes;no;no
213;;blue-collar;married;primary;-636;yes;no;no
214;50.0;technician;single;secondary;1022;no;no;no
215;46.0;admin.;married;secondary;5169;no;no;no
216;69.0;retired;;tertiary;473;no;no;yes
217;51.0;blue-collar;married;secondary;-92;yes;no;no
218;42.0;blue-collar;divorced;secondary;898;yes;no;no
219;60.0;retired;divorced;secondary;598;no;yes;no
220;49.0;blue-collar;married;primary;0;no;no;yes
221;40.0;services;divorced;secondary;1062;yes;no;no
222;;blue-collar;married;primary;4793;yes;no;no
223;38.0;services;married;secondary;497;yes;yes;no
224;43.0;unemployed;married;primary;960;yes;yes;no
225;46.0;blue-collar;;secondary;521;yes;no;yes
226;44.0;technician;single;secondary;1059;yes;no;no
227;40.0;technician;married;tertiary;483;yes;no;no
228;27.0;technician;married;secondary;130;yes;no;no
229;46.0;management;single;secondary;5993;no;no;no
230;29.0;services;single;secondary;184;no;no;no
231;69.0;retired;married;unknown;426;no;no;no
232;;technician;single;secondary;1186;yes;no;no
233;42.0;blue-collar;married;primary;2103;yes;no;yes
234;46.0;blue-collar;married;secondary;211;yes;no;no
235;35.0;services;married;unknown;618;no;no;no
236;39.0;technician;divorced;secondary;385;no;no;no
237;30.0;management;married;secondary;3817;yes;no;no
238;32.0;services;married;secondary;3839;yes;no;no
239;46.0;blue-collar;single;primary;259;no;yes;no
240;44.0;blue-collar;;secondary;-73;yes;no;no
241;36.0;management;married;tertiary;518;no;no;no
242;33.0;technician;married;secondary;14850;yes;no;no
243;27.0;student;single;unknown;3511;no;no;no
244;;admin.;single;secondary;986;no;yes;yes
245;60.0;retired;married;unknown;1396;no;yes;no
246;37.0;technician;divorced;secondary;3068;yes;yes;no
247;32.0;blue-collar;married;primary;885;yes;no;no
248;20.0;student;single;unknown;829;no;no;no
249;44.0;blue-collar;;primary;-14;yes;yes;no
250;35.0;admin.;single;secondary;1836;no;no;no
251;31.0;blue-collar;single;unknown;813;yes;no;no
252;55.0;technician;married;secondary;3207;no;no;no
253;;blue-collar;married;primary;2079;yes;yes;no
254;36.0;technician;single;secondary;1855;yes;no;no
255;31.0;technician;married;tertiary;-502;yes;yes;no
256;45.0;blue-collar;married;primary;0;no;no;no
257;43.0;management;divorced;tertiary;-132;yes;yes;no
258;27.0;technician;single;secondary;-211;yes;no;no
259;52.0;self-employed;married;tertiary;6657;no;no;no
260;47.0;blue-collar;divorced;secondary;1815;yes;no;no
261;27.0;admin.;married;secondary;-790;yes;no;no
262;55.0;housemaid;married;primary;1642;no;no;no
263;32.0;management;;secondary;1477;yes;no;no
264;35.0;technician;single;tertiary;458;yes;no;no
265;51.0;admin.;married;secondary;1535;no;yes;no
266;;technician;single;secondary;326;yes;no;no
267;38.0;technician;married;tertiary;34;no;yes;no
268;47.0;retired;divorced;secondary;-157;no;yes;yes
269;27.0;technician;single;tertiary;401;no;no;no
270;51.0;admin.;single;secondary;2685;no;no;no
271;29.0;blue-collar;single;secondary;922;yes;no;no
272;42.0;admin.;divorced;secondary;1076;yes;no;no
273;28.0;management;single;tertiary;682;yes;no;no
274;42.0;admin.;married;secondary;445;yes;no;no
275;;technician;married;tertiary;296;no;no;no
276;56.0;management;divorced;tertiary;1263;yes;no;no
277;18.0;student;single;unknown;108;no;no;no
278;30.0;management;single;tertiary;19796;no;no;no
279;36.0;technician;;secondary;25;no;no;no
280;29.0;management;married;tertiary;7832;yes;no;no
281;48.0;management;divorced;tertiary;313;no;no;no
282;;retired;divorced;secondary;282;yes;no;no
283;39.0;technician;married;secondary;287;yes;no;no
284;38.0;housemaid;divorced;tertiary;4312;no;no;no
285;60.0;blue-collar;married;unknown;54;yes;no;no
286;41.0;blue-collar;single;secondary;1564;yes;no;no
287;56.0;services;single;secondary;-40;yes;no;no
288;49.0;blue-collar;married;primary;512;yes;yes;yes
289;45.0;blue-collar;divorced;primary;1805;no;no;no
290;48.0;blue-collar;;secondary;647;no;no;no
291;49.0;management;married;tertiary;596;yes;no;no
292;;blue-collar;divorced;secondary;9898;yes;no;no
293;35.0;self-employed;married;tertiary;247;yes;no;no
294;54.0;blue-collar;married;secondary;1223;yes;no;no
295;30.0;technician;married;secondary;3875;yes;no;no
296;39.0;blue-collar;;secondary;854;yes;yes;no
297;51.0;management;married;tertiary;1612;no;no;yes
298;;management;married;tertiary;321;yes;no;no
299;29.0;blue-collar;single;primary;950;yes;no;no
300;36.0;services;married;secondary;3064;yes;no;no
301;23.0;student;single;secondary;922;no;no;no
302;46.0;blue-collar;married;secondary;7;no;no;no
303;40.0;blue-collar;married;secondary;1451;no;no;no
304;32.0;blue-collar;married;secondary;136;no;no;no
305;28.0;blue-collar;married;secondary;337;yes;no;no
306;43.0;self-employed;divorced;secondary;347;no;no;no
307;30.0;technician;married;primary;95;yes;no;no
308;31.0;services;single;secondary;0;no;no;no
309;41.0;management;divorced;tertiary;236;no;no;no
310;46.0;blue-collar;single;primary;2851;yes;no;no
311;;technician;divorced;secondary;1333;yes;yes;no
312;34.0;admin.;married;tertiary;35;yes;no;no
313;40.0;services;;secondary;5248;yes;yes;no
314;64.0;management;married;tertiary;4688;no;no;no
315;71.0;retired;married;primary;10394;no;no;no
316;26.0;blue-collar;married;secondary;0;yes;yes;no
317;45.0;blue-collar;married;secondary;3169;no;no;no
318;32.0;blue-collar;single;primary;1959;no;no;no
319;50.0;management;divorced;tertiary;0;no;no;no
320;;management;;tertiary;15;no;no;no
321;59.0;technician;single;secondary;571;no;yes;no
322;45.0;entrepreneur;married;secondary;68;yes;no;no
323;53.0;unemployed;married;secondary;-233;yes;no;yes
324;35.0;admin.;married;secondary;907;no;yes;no
325;41.0;blue-collar;married;primary;1018;yes;no;no
326;57.0;technician;divorced;tertiary;114;no;no;no
327;34.0;entrepreneur;single;tertiary;714;yes;no;no
328;34.0;technician;;secondary;479;no;no;no
329;37.0;blue-collar;married;secondary;236;no;no;no
330;33.0;management;married;tertiary;0;no;no;no
331;27.0;technician;single;tertiary;4003;no;no;no
332;60.0;blue-collar;married;secondary;71;no;no;yes
333;31.0;technician;single;tertiary;4979;no;yes;no
334;28.0;services;;secondary;38;yes;no;no
335;;management;single;tertiary;596;no;no;no
336;38.0;blue-collar;married;primary;10443;no;no;no
337;53.0;technician;single;tertiary;118;no;no;no
338;27.0;technician;married;secondary;7;yes;no;no
339;30.0;admin.;single;unknown;1;no;no;yes
340;55.0;services;married;unknown;715;yes;no;no
341;35.0;blue-collar;divorced;secondary;1780;yes;no;no
342;24.0;blue-collar;;secondary;237;yes;no;no
343;61.0;admin.;married;secondary;1046;yes;no;no
344;60.0;blue-collar;married;unknown;54;yes;no;no
345;32.0;management;married;tertiary;71;no;no;no
346;60.0;management;;tertiary;3387;no;no;no
347;;technician;married;secondary;0;yes;yes;no
348;36.0;management;single;tertiary;3850;yes;no;no
349;44.0;technician;married;secondary;2575;yes;yes;no
350;39.0;blue-collar;married;unknown;621;yes;no;no
351;56.0;blue-collar;;primary;2442;no;yes;no
352;50.0;management;married;tertiary;469;no;no;no
353;22.0;services;single;secondary;236;yes;no;no
354;25.0;management;single;tertiary;1259;no;no;no
355;40.0;blue-collar;married;secondary;1508;no;no;no
356;36.0;admin.;single;secondary;0;yes;yes;no
357;;technician;single;secondary;1601;no;no;no
358;33.0;blue-collar;single;secondary;498;no;no;no
359;33.0;technician;married;secondary;73;yes;no;no
360;29.0;services;single;tertiary;2564;yes;no;no
361;34.0;blue-collar;married;primary;218;yes;yes;no
362;42.0;management;;tertiary;2137;no;no;no
363;43.0;blue-collar;married;primary;-41;no;no;no
364;;admin.;married;secondary;6706;no;no;no
365;60.0;retired;;secondary;-240;no;no;no
366;39.0;unemployed;married;tertiary;1108;yes;no;no
367;45.0;technician;married;unknown;557;yes;no;no
368;40.0;technician;married;primary;6110;yes;no;no
369;35.0;technician;single;secondary;2144;yes;no;no
370;36.0;management;divorced;tertiary;1057;no;no;no
371;60.0;admin.;married;unknown;1088;yes;no;no
372;28.0;management;single;tertiary;1720;no;no;no
373;32.0;technician;single;tertiary;2684;yes;no;no
374;47.0;management;married;tertiary;3158;yes;no;no
375;;unemployed;married;secondary;36221;no;no;no
376;43.0;management;married;unknown;0;yes;no;no
377;38.0;entrepreneur;married;tertiary;2069;yes;no;no
378;41.0;entrepreneur;;secondary;707;no;no;no
379;43.0;blue-collar;single;primary;0;no;no;no
380;29.0;management;single;tertiary;5894;yes;no;no
381;39.0;admin.;married;secondary;260;yes;no;no
382;55.0;management;married;tertiary;856;yes;yes;no
383;31.0;technician;single;tertiary;969;no;no;no
384;47.0;services;married;secondary;759;yes;no;no
385;43.0;housemaid;single;primary;24;no;no;no
386;60.0;retired;divorced;tertiary;2131;no;no;no
387;27.0;entrepreneur;single;unknown;1007;no;no;no
388;50.0;management;married;tertiary;2050;no;no;no
389;;technician;single;tertiary;4414;no;no;no
390;58.0;management;married;tertiary;0;no;no;no
391;55.0;entrepreneur;married;tertiary;3459;yes;yes;no
392;52.0;technician;;secondary;-1;no;yes;no
393;31.0;services;single;secondary;0;no;no;no
394;45.0;blue-collar;married;primary;1670;no;yes;no
395;48.0;admin.;married;secondary;3064;yes;no;no
396;34.0;blue-collar;married;primary;218;yes;yes;no
397;;management;married;tertiary;0;no;no;no
398;57.0;blue-collar;divorced;secondary;75;yes;no;no
399;48.0;blue-collar;married;secondary;1730;yes;no;no
400;88.0;retired;married;secondary;433;no;no;no
401;25.0;blue-collar;married;secondary;0;no;yes;no
402;35.0;technician;single;secondary;915;no;yes;no
403;36.0;self-employed;married;tertiary;687;yes;no;no
404;37.0;blue-collar;;primary;398;yes;yes;no
405;42.0;blue-collar;single;primary;1322;yes;yes;no
406;53.0;management;married;secondary;-133;yes;no;no
407;;entrepreneur;married;unknown;0;no;no;no
408;33.0;admin.;married;secondary;4012;no;yes;no
409;37.0;entrepreneur;single;tertiary;-274;yes;yes;no
410;26.0;technician;divorced;tertiary;3154;yes;yes;no
411;48.0;blue-collar;married;secondary;729;yes;no;no
412;37.0;blue-collar;;primary;190;yes;no;no
413;37.0;admin.;single;secondary;1097;yes;no;no
414;31.0;technician;single;unknown;460;yes;no;no
415;48.0;management;married;secondary;3663;yes;no;no
416;37.0;blue-collar;single;secondary;0;no;no;no
417;39.0;blue-collar;married;primary;467;yes;no;no
418;49.0;admin.;married;secondary;387;yes;no;yes
419;39.0;blue-collar;married;secondary;483;yes;no;no
420;38.0;management;divorced;tertiary;-199;yes;no;no
421;45.0;self-employed;;tertiary;0;yes;yes;yes
422;;self-employed;single;secondary;27;no;no;no
423;37.0;student;single;unknown;444;no;no;no
424;34.0;management;single;tertiary;318;yes;no;no
425;24.0;management;single;tertiary;172;no;no;no
426;43.0;retired;married;primary;7298;no;no;no
427;57.0;self-employed;married;secondary;380;no;no;yes
428;27.0;admin.;single;secondary;4590;yes;no;no
429;;unemployed;divorced;primary;2244;no;no;no
430;30.0;entrepreneur;single;tertiary;999;no;no;no
431;46.0;management;single;tertiary;134;no;no;no
432;37.0;technician;married;secondary;1578;no;yes;no
433;55.0;services;;unknown;715;yes;no;no
434;77.0;retired;married;secondary;4112;no;no;no
435;43.0;blue-collar;single;secondary;592;yes;no;no
436;;blue-collar;married;primary;1086;yes;no;no
437;23.0;blue-collar;single;secondary;214;yes;no;no
438;35.0;blue-collar;married;tertiary;5271;yes;no;no
439;59.0;retired;married;secondary;1449;yes;yes;no
440;29.0;blue-collar;single;secondary;8079;no;yes;no
441;29.0;blue-collar;married;secondary;9;yes;no;no
442;51.0;admin.;married;secondary;-229;no;no;no
443;28.0;services;single;secondary;1820;yes;no;no
444;35.0;blue-collar;married;secondary;205;yes;yes;no
445;56.0;retired;;primary;556;yes;no;no
446;;services;divorced;secondary;957;no;yes;no
447;40.0;management;married;tertiary;917;yes;no;no
448;40.0;services;married;secondary;251;yes;no;no
449;39.0;blue-collar;married;secondary;481;no;no;no
450;50.0;self-employed;divorced;tertiary;59;yes;no;no
451;49.0;technician;divorced;secondary;-757;yes;yes;yes
452;48.0;technician;married;secondary;23495;no;no;yes
453;65.0;entrepreneur;married;tertiary;2331;no;no;no
454;43.0;management;single;tertiary;1696;yes;no;no
455;61.0;housemaid;;primary;211;no;no;no
456;53.0;management;married;tertiary;3634;no;no;yes
457;59.0;admin.;married;secondary;2343;yes;no;no
458;;management;single;tertiary;153;yes;no;no
459;42.0;management;married;secondary;71;no;no;no
460;31.0;admin.;single;tertiary;7505;yes;yes;no
461;45.0;blue-collar;married;primary;675;yes;no;no
462;28.0;admin.;married;secondary;12;yes;no;no
463;45.0;technician;married;secondary;2403;no;no;no
464;30.0;blue-collar;married;secondary;10395;yes;no;no
465;59.0;housemaid;single;unknown;4639;no;no;no
466;43.0;admin.;single;secondary;6;no;no;yes
467;35.0;blue-collar;married;secondary;331;yes;no;no
468;28.0;services;married;secondary;2114;no;yes;no
469;32.0;unemployed;married;secondary;2;yes;no;yes
470;32.0;blue-collar;;primary;-175;yes;no;no
471;52.0;technician;single;secondary;1262;no;yes;no
472;45.0;blue-collar;married;primary;512;no;no;no
473;36.0;self-employed;married;tertiary;107;yes;no;no
474;;admin.;single;tertiary;305;no;no;no
475;53.0;blue-collar;married;unknown;1827;no;no;no
476;30.0;admin.;married;secondary;214;yes;yes;no
477;28.0;technician;single;unknown;0;yes;no;no
478;40.0;services;single;secondary;-61;yes;yes;no
479;31.0;management;single;tertiary;12857;yes;no;no
480;32.0;services;single;tertiary;748;yes;no;no
481;35.0;management;single;tertiary;7918;no;no;no
482;50.0;technician;married;secondary;778;no;no;no
483;39.0;technician;single;secondary;69;no;no;no
484;72.0;retired;married;primary;0;no;no;yes
485;51.0;blue-collar;divorced;secondary;421;yes;no;no
486;;entrepreneur;married;tertiary;2262;no;no;no
487;31.0;management;single;tertiary;0;no;no;no
488;36.0;blue-collar;married;primary;23;yes;no;no
489;49.0;admin.;divorced;secondary;1697;no;yes;no
490;29.0;blue-collar;;primary;10045;yes;no;no
491;57.0;services;single;primary;3777;yes;no;yes
492;;entrepreneur;single;tertiary;327;yes;yes;no
493;86.0;retired;single;secondary;614;no;no;yes
494;35.0;self-employed;married;secondary;0;no;no;no
495;38.0;management;single;tertiary;574;yes;no;no
496;57.0;management;married;tertiary;-22;yes;no;no
497;48.0;unemployed;married;primary;0;no;no;no
498;46.0;admin.;married;secondary;2148;no;no;no
499;42.0;management;single;tertiary;11891;no;no;no
500;;technician;;tertiary;192;yes;no;no
501;37.0;services;married;secondary;812;yes;yes;no
502;28.0;services;married;secondary;510;yes;yes;no
503;51.0;blue-collar;married;secondary;598;yes;no;no
504;32.0;technician;married;secondary;782;yes;no;no
505;44.0;blue-collar;married;secondary;294;yes;no;no
506;57.0;unemployed;married;secondary;1681;no;no;no
507;53.0;admin.;married;secondary;1796;no;no;no
508;28.0;admin.;married;secondary;252;yes;no;no
509;59.0;retired;married;tertiary;148;yes;yes;no
510;54.0;blue-collar;married;unknown;191;no;no;no
511;38.0;entrepreneur;single;tertiary;638;yes;no;no
512;31.0;services;married;secondary;520;yes;no;no
513;31.0;blue-collar;single;unknown;-340;yes;no;no
514;31.0;services;;secondary;2083;yes;no;no
515;40.0;self-employed;married;tertiary;191;yes;no;no
516;;management;single;tertiary;-56;yes;no;no
517;35.0;entrepreneur;married;secondary;0;yes;no;no
518;29.0;blue-collar;single;secondary;770;yes;no;no
519;37.0;blue-collar;single;primary;914;no;no;no
520;38.0;entrepreneur;single;tertiary;-38;yes;no;yes
521;48.0;student;single;unknown;1279;no;no;no
522;36.0;blue-collar;single;secondary;1598;yes;no;no
523;31.0;admin.;married;secondary;62;no;no;no
524;69.0;retired;;tertiary;473;no;no;no
525;72.0;retired;married;secondary;1533;no;no;no
526;;unemployed;divorced;secondary;991;yes;no;no
527;41.0;admin.;married;secondary;80;no;no;yes
528;27.0;student;single;secondary;760;no;no;no
529;38.0;management;married;tertiary;1802;no;no;no
530;57.0;blue-collar;married;primary;0;no;no;no
531;36.0;technician;married;tertiary;421;yes;no;no
532;;blue-collar;;secondary;2160;no;no;no
533;39.0;services;married;secondary;87;no;no;no
534;43.0;technician;divorced;tertiary;101;no;no;no
535;70.0;retired;married;secondary;6422;no;no;yes
536;30.0;technician;married;secondary;574;no;no;no
537;34.0;management;single;tertiary;1190;no;no;no
538;48.0;services;married;secondary;801;no;no;no
539;39.0;entrepreneur;married;secondary;0;no;no;yes
540;36.0;blue-collar;;secondary;771;yes;no;no
541;40.0;blue-collar;married;secondary;598;yes;no;no
542;;housemaid;married;primary;137;no;no;no
543;35.0;blue-collar;married;secondary;1330;no;no;no
544;41.0;blue-collar;divorced;secondary;-274;yes;no;no
545;30.0;blue-collar;divorced;primary;2597;yes;no;no
546;54.0;management;single;tertiary;4393;yes;no;yes
547;37.0;services;married;secondary;3429;yes;yes;no
548;53.0;technician;married;secondary;1776;no;no;no
549;34.0;technician;single;tertiary;370;no;no;no
550;57.0;entrepreneur;married;tertiary;958;no;no;no
551;;management;single;tertiary;0;yes;no;no
552;44.0;blue-collar;;secondary;776;yes;no;no
553;44.0;blue-collar;single;secondary;0;yes;no;no
554;29.0;blue-collar;single;secondary;1166;yes;no;no
555;52.0;blue-collar;married;secondary;157;yes;yes;yes
556;29.0;technician;married;secondary;0;yes;no;no
557;39.0;admin.;married;secondary;-367;yes;no;no
558;44.0;technician;single;tertiary;2033;no;no;yes
559;44.0;blue-collar;single;primary;-234;yes;yes;no
560;35.0;management;married;tertiary;2461;no;no;no
561;54.0;services;married;secondary;882;yes;no;no
562;39.0;technician;single;secondary;2;yes;yes;no
563;48.0;admin.;married;secondary;2533;no;no;yes
564;;admin.;married;primary;31;yes;no;yes
565;48.0;entrepreneur;married;tertiary;313;yes;no;no
566;50.0;blue-collar;married;secondary;6288;no;no;no
567;27.0;admin.;single;secondary;-110;no;yes;yes
568;30.0;blue-collar;single;secondary;297;yes;no;no
569;34.0;management;single;tertiary;28;yes;no;no
570;;self-employed;married;primary;3262;no;no;no
571;43.0;blue-collar;married;primary;3131;yes;no;no
572;39.0;technician;single;secondary;4380;no;no;no
573;25.0;management;single;tertiary;2305;no;no;no
574;44.0;housemaid;divorced;primary;629;no;no;no
575;38.0;blue-collar;single;primary;127;yes;no;no
576;33.0;management;married;tertiary;530;yes;no;no
577;60.0;retired;;primary;7791;no;no;no
578;41.0;management;married;tertiary;768;no;no;no
579;33.0;entrepreneur;married;secondary;3140;yes;yes;no
580;48.0;technician;married;secondary;1600;no;no;no
581;;unemployed;married;primary;168;yes;no;no
582;42.0;blue-collar;married;secondary;366;yes;no;yes
583;37.0;management;married;tertiary;5205;yes;no;no
584;86.0;retired;divorced;primary;0;no;no;no
585;31.0;admin.;single;tertiary;493;yes;no;no
586;30.0;services;divorced;secondary;0;yes;no;no
587;33.0;management;;tertiary;1782;yes;no;no
588;48.0;blue-collar;married;secondary;387;yes;no;no
589;40.0;self-employed;married;secondary;0;no;no;no
590;43.0;management;divorced;secondary;130;yes;no;no
591;;technician;married;secondary;978;no;no;no
592;30.0;management;married;tertiary;2994;yes;no;no
593;37.0;management;married;tertiary;1330;yes;no;no
594;55.0;housemaid;divorced;secondary;0;no;no;no
595;31.0;management;single;tertiary;5691;yes;no;no
596;24.0;student;single;secondary;1684;no;no;no
597;58.0;services;divorced;secondary;462;no;no;no
598;41.0;housemaid;married;primary;322;no;no;no
599;27.0;admin.;single;secondary;105;yes;no;no
600;;housemaid;married;unknown;2337;yes;no;no
601;34.0;services;single;secondary;581;yes;no;no
602;37.0;blue-collar;married;secondary;395;yes;no;no
603;33.0;technician;;tertiary;565;yes;no;no
604;73.0;retired;married;secondary;2850;no;no;no
605;30.0;services;single;secondary;405;yes;no;no
606;31.0;services;married;secondary;655;no;yes;no
607;;student;single;unknown;23867;no;no;no
608;33.0;housemaid;married;primary;167;no;no;no
609;47.0;management;divorced;unknown;582;yes;yes;no
610;60.0;management;;tertiary;2281;no;no;no
611;35.0;admin.;married;secondary;0;yes;no;no
612;49.0;self-employed;married;tertiary;147;no;yes;no
613;32.0;management;single;tertiary;3289;no;no;no
614;33.0;management;single;tertiary;0;yes;no;no
615;41.0;management;married;tertiary;2767;no;no;no
616;35.0;technician;divorced;unknown;244;no;no;no
617;76.0;housemaid;married;primary;1483;no;no;no
618;42.0;management;single;tertiary;100;no;no;yes
619;39.0;services;divorced;secondary;-96;yes;yes;yes
620;30.0;blue-collar;married;primary;-93;yes;no;no
621;22.0;student;single;secondary;254;no;no;no
622;40.0;management;married;secondary;18;yes;no;no
623;;technician;married;secondary;394;no;no;no
624;60.0;self-employed;married;tertiary;3;no;no;no
625;49.0;blue-collar;single;secondary;725;yes;no;no
626;48.0;housemaid;;primary;283;yes;no;no
627;48.0;blue-collar;married;primary;174;yes;yes;no
628;32.0;blue-collar;married;secondary;472;yes;no;no
629;50.0;blue-collar;married;unknown;0;no;no;no
630;41.0;entrepreneur;;secondary;557;no;yes;no
631;35.0;admin.;single;secondary;-413;yes;no;no
632;;services;married;secondary;1325;no;no;no
633;52.0;blue-collar;married;primary;109;yes;no;no
634;39.0;admin.;married;secondary;260;yes;no;no
635;41.0;housemaid;married;primary;884;no;no;no
636;48.0;unemployed;divorced;secondary;583;yes;no;no
637;43.0;technician;divorced;secondary;6835;no;no;no
638;29.0;unemployed;married;tertiary;8;yes;no;no
639;53.0;services;divorced;tertiary;329;no;no;no
640;36.0;management;single;tertiary;538;no;no;no
641;31.0;blue-collar;married;tertiary;-35;no;no;no
642;39.0;technician;married;secondary;768;yes;yes;no
643;;services;single;secondary;3405;no;no;no
644;32.0;technician;single;tertiary;100;no;no;no
645;58.0;retired;married;primary;745;yes;no;no
646;46.0;technician;;secondary;363;yes;no;no
647;28.0;unemployed;married;secondary;863;yes;yes;no
648;43.0;management;married;tertiary;-3372;yes;no;yes
649;39.0;management;married;tertiary;1654;no;yes;no
650;39.0;blue-collar;married;primary;1005;no;no;no
651;48.0;management;married;tertiary;618;no;no;no
652;36.0;management;;tertiary;495;no;no;no
653;45.0;blue-collar;married;secondary;1577;yes;no;no
654;37.0;admin.;married;secondary;7;yes;no;no
655;50.0;management;married;secondary;1165;no;no;no
656;34.0;technician;;secondary;-56;yes;no;no
657;32.0;admin.;married;secondary;167;yes;no;no
658;40.0;management;married;tertiary;713;no;no;no
659;56.0;technician;married;tertiary;-736;no;no;yes
660;38.0;admin.;single;secondary;3239;no;no;no
661;34.0;management;single;tertiary;-292;yes;no;no
662;40.0;technician;;tertiary;677;yes;no;no
663;36.0;blue-collar;married;secondary;-190;yes;no;no
664;37.0;management;married;tertiary;825;yes;no;no
665;40.0;unemployed;divorced;secondary;4082;yes;no;no
666;41.0;technician;single;tertiary;1026;no;no;no
667;32.0;services;single;secondary;0;yes;no;no
668;;management;married;secondary;7;no;yes;yes
669;29.0;self-employed;single;tertiary;655;no;no;no
670;61.0;management;married;tertiary;997;no;no;no
671;54.0;technician;divorced;secondary;2749;yes;no;no
672;52.0;technician;;unknown;562;no;no;no
673;59.0;self-employed;married;primary;0;yes;no;no
674;37.0;technician;divorced;secondary;1559;yes;no;no
675;;entrepreneur;married;primary;805;yes;no;no
676;34.0;self-employed;single;tertiary;366;yes;no;no
677;46.0;housemaid;single;tertiary;3232;no;no;no
678;46.0;management;married;tertiary;810;yes;yes;no
679;54.0;housemaid;married;primary;136;no;no;no
680;46.0;services;divorced;secondary;864;yes;no;no
681;38.0;services;married;secondary;-433;yes;no;yes
682;21.0;admin.;single;secondary;66;yes;no;no
683;;student;married;secondary;200;yes;no;yes
684;34.0;services;;secondary;703;no;no;no
685;54.0;management;married;tertiary;2650;yes;yes;yes
686;28.0;blue-collar;single;secondary;87;yes;no;yes
687;40.0;blue-collar;married;primary;-166;yes;no;no
688;32.0;management;;tertiary;2976;yes;no;no
689;32.0;management;single;tertiary;703;yes;no;no
690;37.0;admin.;single;secondary;309;yes;no;no
691;30.0;management;single;tertiary;424;no;no;no
692;22.0;student;single;secondary;71;no;no;no
693;36.0;management;single;tertiary;0;yes;yes;no
694;;unemployed;married;secondary;277;yes;no;no
695;31.0;admin.;divorced;secondary;93;yes;no;no
696;32.0;services;single;secondary;0;no;yes;no
697;53.0;management;single;secondary;5558;yes;no;no
698;35.0;blue-collar;single;tertiary;1011;yes;no;no
699;43.0;management;married;tertiary;0;no;no;no
700;46.0;services;;secondary;6913;no;no;no
701;58.0;management;married;tertiary;2261;yes;no;no
702;51.0;retired;married;secondary;-14;no;yes;no
703;34.0;admin.;married;secondary;1655;yes;no;no
704;;retired;married;tertiary;746;no;no;no
705;46.0;blue-collar;divorced;primary;2870;no;no;no
706;42.0;housemaid;married;secondary;477;yes;yes;no
707;44.0;entrepreneur;single;tertiary;1240;yes;no;no
708;28.0;technician;;secondary;880;yes;no;no
709;45.0;blue-collar;married;primary;4696;no;no;no
710;32.0;technician;married;tertiary;396;yes;no;no
711;64.0;management;married;tertiary;5112;no;no;yes
712;27.0;blue-collar;single;secondary;294;yes;no;no
713;;admin.;single;secondary;116;no;yes;no
714;54.0;technician;married;secondary;719;yes;no;yes
715;60.0;technician;married;secondary;0;yes;no;yes
716;46.0;management;;tertiary;477;yes;no;no
717;59.0;retired;married;unknown;0;no;no;no
718;40.0;management;single;tertiary;242;yes;no;no
719;26.0;blue-collar;single;secondary;535;yes;yes;no
720;27.0;management;single;tertiary;218;yes;no;no
721;36.0;blue-collar;married;secondary;342;yes;no;no
722;47.0;admin.;married;primary;31;yes;no;no
723;;management;married;tertiary;68;yes;no;no
724;35.0;management;;tertiary;3083;no;no;no
725;31.0;technician;married;secondary;0;no;no;no
726;30.0;blue-collar;married;secondary;203;yes;no;no
727;32.0;technician;single;tertiary;703;yes;no;no
728;42.0;housemaid;divorced;secondary;314;no;no;no
729;26.0;services;single;secondary;8206;yes;no;no
730;48.0;management;married;unknown;54;yes;no;yes
731;27.0;management;single;tertiary;1995;yes;no;no
732;26.0;technician;divorced;secondary;21;yes;no;no
733;45.0;admin.;single;secondary;-101;yes;no;no
734;40.0;admin.;married;secondary;-253;yes;no;no
735;24.0;blue-collar;;secondary;0;yes;no;no
736;41.0;retired;single;secondary;1734;yes;no;no
737;;blue-collar;single;secondary;0;yes;no;no
738;38.0;blue-collar;married;secondary;284;yes;yes;no
739;51.0;technician;married;secondary;223;no;no;yes
740;53.0;admin.;;tertiary;944;yes;no;no
741;30.0;management;single;tertiary;77;no;no;no
742;40.0;technician;divorced;secondary;-163;yes;no;no
743;60.0;technician;married;tertiary;131;no;no;no
744;25.0;management;single;tertiary;115;no;yes;no
745;35.0;unemployed;married;primary;494;yes;no;no
746;40.0;services;married;secondary;22;yes;yes;no
747;34.0;blue-collar;married;secondary;855;no;yes;no
748;;technician;;secondary;1353;no;no;no
749;31.0;admin.;married;secondary;7634;yes;yes;no
750;58.0;management;married;tertiary;2764;no;no;no
751;36.0;technician;married;secondary;30;no;no;no
752;57.0;blue-collar;married;primary;1075;no;no;no
753;31.0;technician;married;secondary;180;no;no;no
754;33.0;management;single;tertiary;5945;yes;no;no
755;33.0;services;married;secondary;2;no;no;yes
756;;services;married;secondary;366;yes;yes;no
757;55.0;services;divorced;secondary;379;no;no;no
758;30.0;management;single;tertiary;232;no;no;no
759;61.0;blue-collar;;primary;625;yes;no;no
760;71.0;retired;divorced;secondary;4380;no;no;no
761;36.0;blue-collar;married;secondary;1589;yes;no;no
762;50.0;entrepreneur;married;secondary;806;yes;yes;yes
763;37.0;technician;married;secondary;344;yes;yes;no
764;;blue-collar;single;primary;155;yes;no;no
765;37.0;unemployed;single;secondary;756;yes;no;no
766;37.0;entrepreneur;married;tertiary;264;yes;yes;no
767;38.0;management;single;tertiary;0;no;no;no
768;38.0;admin.;single;secondary;439;no;no;no
769;52.0;management;married;tertiary;3732;no;no;no
770;32.0;admin.;single;secondary;5;yes;yes;no
771;33.0;management;married;secondary;11;yes;no;no
772;60.0;technician;married;secondary;-247;yes;no;no
773;42.0;blue-collar;;unknown;57;yes;no;no
774;42.0;self-employed;married;primary;3641;yes;no;no
775;26.0;blue-collar;single;secondary;82;yes;no;no
776;;services;married;secondary;658;no;no;no
777;43.0;management;;secondary;452;yes;no;no
778;45.0;self-employed;married;secondary;2278;no;no;no
779;63.0;retired;married;secondary;474;no;no;no
780;49.0;management;married;tertiary;4200;yes;no;no
781;72.0;retired;;secondary;1533;no;no;no
782;;services;single;secondary;302;no;no;no
783;54.0;management;married;tertiary;446;no;no;no
784;55.0;technician;married;secondary;6043;no;no;no
785;34.0;technician;divorced;secondary;175;yes;no;no
786;36.0;admin.;married;secondary;402;yes;no;no
787;33.0;technician;single;tertiary;0;no;no;no
788;43.0;blue-collar;;secondary;607;yes;no;no
789;28.0;admin.;married;secondary;317;yes;no;no
790;27.0;admin.;single;secondary;464;no;no;no
791;40.0;technician;divorced;tertiary;1871;yes;no;no
792;60.0;services;divorced;primary;58;no;yes;no
793;32.0;entrepreneur;married;tertiary;0;yes;no;no
794;41.0;management;married;tertiary;-556;yes;yes;yes
795;;admin.;divorced;secondary;308;yes;no;no
796;37.0;blue-collar;married;secondary;-288;yes;yes;no
797;29.0;technician;single;tertiary;0;yes;no;no
798;34.0;self-employed;married;tertiary;442;yes;no;no
799;28.0;services;married;secondary;4;yes;no;no
800;31.0;technician;single;secondary;475;no;no;no
801;46.0;blue-collar;married;primary;881;yes;no;no
802;38.0;blue-collar;single;primary;378;yes;no;no
803;56.0;admin.;divorced;secondary;1026;yes;no;no
804;29.0;blue-collar;single;secondary;391;yes;no;no
805;60.0;technician;divorced;secondary;615;yes;no;no
806;27.0;blue-collar;;secondary;5505;yes;yes;no
807;;unemployed;married;secondary;2629;no;no;no
808;39.0;admin.;single;unknown;0;yes;no;no
809;41.0;management;divorced;secondary;0;no;no;yes
810;36.0;management;single;tertiary;0;yes;no;no
811;28.0;admin.;single;secondary;579;yes;no;no
812;39.0;blue-collar;married;secondary;750;yes;yes;no
813;39.0;blue-collar;married;primary;70;no;no;no
814;38.0;management;married;secondary;-323;yes;no;no
815;42.0;management;divorced;tertiary;621;no;yes;no
816;35.0;technician;married;secondary;19;no;no;no
817;;admin.;married;secondary;1914;yes;no;no
818;39.0;unemployed;single;secondary;-114;yes;no;no
819;46.0;admin.;single;secondary;751;yes;no;no
820;37.0;admin.;divorced;secondary;246;yes;no;no
821;38.0;services;married;primary;0;yes;no;no
822;42.0;management;single;tertiary;706;no;no;yes
823;42.0;management;single;tertiary;1156;yes;no;yes
824;42.0;housemaid;;secondary;327;no;no;no
825;59.0;retired;married;secondary;1875;yes;no;no
826;35.0;management;married;tertiary;2123;yes;no;no
827;;blue-collar;single;unknown;597;yes;no;no
828;56.0;self-employed;divorced;tertiary;966;yes;no;no
829;29.0;blue-collar;married;secondary;-114;yes;no;no
830;44.0;blue-collar;married;primary;6393;no;no;no
831;37.0;blue-collar;married;primary;510;yes;no;no
832;29.0;admin.;married;secondary;0;yes;no;no
833;;retired;married;secondary;366;no;yes;no
834;44.0;admin.;single;secondary;-497;yes;no;yes
835;26.0;admin.;;tertiary;319;no;no;no
836;44.0;admin.;divorced;tertiary;558;yes;no;no
837;54.0;entrepreneur;married;secondary;0;yes;no;no
838;51.0;management;married;tertiary;15904;no;no;no
839;31.0;technician;single;secondary;4;no;no;no
840;31.0;admin.;single;secondary;-48;yes;no;no
841;;blue-collar;married;secondary;222;yes;no;no
842;30.0;technician;single;secondary;-127;no;no;no
843;28.0;services;single;secondary;437;yes;yes;no
844;42.0;housemaid;single;primary;1179;yes;no;no
845;32.0;management;married;tertiary;-360;yes;no;no
846;35.0;blue-collar;single;secondary;88;yes;no;no
847;25.0;admin.;married;unknown;349;yes;no;no
848;55.0;retired;married;secondary;102;yes;no;no
849;41.0;services;;secondary;446;yes;no;no
850;33.0;unemployed;married;secondary;456;no;no;no
851;;services;divorced;primary;23;no;no;no
852;57.0;management;married;tertiary;2440;yes;no;no
853;26.0;technician;single;secondary;57;yes;no;no
854;32.0;management;married;tertiary;477;yes;no;no
855;52.0;management;married;unknown;1708;no;no;no
856;48.0;management;;secondary;161;yes;no;yes
857;41.0;management;single;tertiary;-24;yes;no;no
858;31.0;blue-collar;married;secondary;1716;yes;no;no
859;31.0;technician;single;secondary;1014;yes;no;no
860;56.0;retired;divorced;primary;0;no;no;no
861;;blue-collar;married;secondary;71;yes;no;no
862;34.0;services;single;secondary;581;yes;no;no
863;53.0;management;divorced;primary;443;no;no;no
864;35.0;self-employed;single;tertiary;538;yes;yes;no
865;57.0;technician;divorced;secondary;145;no;yes;no
866;37.0;admin.;married;secondary;0;yes;no;no
867;33.0;admin.;married;secondary;0;yes;no;no
868;31.0;blue-collar;married;primary;50;yes;no;no
869;30.0;technician;;tertiary;0;no;no;no
870;;blue-collar;single;primary;378;yes;no;no
871;53.0;management;married;tertiary;618;no;no;no
872;24.0;student;single;unknown;358;no;no;no
873;31.0;admin.;married;secondary;1246;yes;no;no
874;31.0;management;;tertiary;3897;yes;no;no
875;52.0;management;divorced;tertiary;0;no;no;yes
876;49.0;services;married;primary;61;yes;no;no
877;28.0;technician;single;unknown;0;yes;no;no
878;45.0;blue-collar;married;primary;71;yes;no;no
879;52.0;management;married;tertiary;4358;no;no;yes
880;37.0;management;married;tertiary;839;no;yes;no
881;28.0;admin.;single;unknown;731;yes;no;no
882;32.0;management;single;tertiary;2974;yes;no;no
883;24.0;self-employed;single;tertiary;91;yes;no;no
884;34.0;blue-collar;married;secondary;-61;yes;no;no
885;;services;;secondary;1286;yes;yes;no
886;47.0;management;married;tertiary;0;yes;no;no
887;26.0;management;single;tertiary;15;no;no;no
888;36.0;admin.;divorced;secondary;-611;yes;no;no
889;44.0;services;married;secondary;983;no;no;no
890;43.0;blue-collar;married;primary;3917;no;no;no
891;55.0;technician;divorced;secondary;225;no;yes;no
892;;housemaid;married;primary;5908;no;no;no
893;30.0;management;single;tertiary;0;yes;no;no
894;34.0;blue-collar;;primary;365;yes;no;no
895;50.0;technician;married;secondary;85;no;no;no
896;28.0;management;single;tertiary;1808;no;no;no
897;31.0;blue-collar;married;secondary;990;yes;yes;no
898;26.0;student;single;tertiary;0;yes;no;no
899;;student;single;secondary;241;yes;no;no
900;46.0;blue-collar;;primary;2313;yes;no;no
901;51.0;entrepreneur;divorced;tertiary;4;yes;yes;no
902;47.0;blue-collar;married;secondary;182;yes;no;yes
903;38.0;self-employed;married;secondary;290;yes;no;no
904;32.0;blue-collar;married;secondary;1905;yes;no;no
905;36.0;self-employed;married;secondary;1184;yes;no;no
906;51.0;technician;;tertiary;7338;no;no;no
907;51.0;blue-collar;married;primary;19;no;no;no
908;35.0;technician;single;secondary;1227;no;no;no
909;46.0;technician;married;secondary;167;no;no;yes
910;35.0;management;divorced;tertiary;153;no;no;no
911;28.0;management;single;tertiary;41;yes;no;no
912;;technician;married;secondary;742;no;no;no
913;60.0;services;;secondary;4428;no;no;no
914;26.0;blue-collar;single;secondary;-29;yes;no;no
915;41.0;housemaid;married;tertiary;783;yes;no;no
916;46.0;technician;single;secondary;3494;yes;no;no
917;29.0;admin.;single;secondary;266;yes;no;no
918;38.0;management;single;tertiary;1746;yes;no;no
919;;blue-collar;married;primary;2519;yes;no;no
920;55.0;technician;married;secondary;176;yes;no;no
921;43.0;blue-collar;married;primary;778;yes;yes;no
922;37.0;unemployed;;unknown;4565;no;no;no
923;46.0;unemployed;single;tertiary;705;no;no;no
924;28.0;self-employed;single;tertiary;5215;no;no;no
925;35.0;technician;divorced;secondary;2047;yes;no;no
926;55.0;technician;married;secondary;2014;yes;yes;yes
927;41.0;blue-collar;married;primary;4;no;no;no
928;;technician;married;secondary;144;yes;yes;no
929;39.0;management;married;tertiary;-4;no;no;no
930;25.0;blue-collar;single;primary;-289;yes;no;no
931;43.0;technician;;secondary;714;yes;no;no
932;50.0;technician;married;tertiary;5114;no;no;yes
933;25.0;services;married;secondary;50;yes;no;no
934;30.0;technician;single;tertiary;1271;yes;no;no
935;27.0;student;single;tertiary;524;no;no;no
936;41.0;technician;married;secondary;1321;yes;no;no
937;;admin.;single;secondary;1016;no;yes;no
938;56.0;retired;married;secondary;5737;no;no;no
939;43.0;management;married;tertiary;291;yes;no;no
940;28.0;blue-collar;married;secondary;0;yes;no;no
941;38.0;blue-collar;single;tertiary;172;yes;no;no
942;60.0;retired;;secondary;30;no;no;no
943;53.0;management;married;tertiary;761;no;yes;no
944;;housemaid;divorced;primary;608;no;no;no
945;26.0;management;single;secondary;651;no;yes;no
946;27.0;admin.;married;secondary;3160;yes;no;no
947;31.0;entrepreneur;single;tertiary;1454;no;no;no
948;33.0;technician;;secondary;763;no;no;no
949;47.0;technician;married;secondary;293;no;no;yes
950;59.0;retired;married;primary;0;no;no;no
951;;retired;married;secondary;87;no;no;no
952;72.0;self-employed;married;tertiary;132;no;no;yes
953;33.0;unemployed;single;tertiary;6748;no;no;no
954;34.0;blue-collar;;secondary;-1725;yes;no;no
955;24.0;services;single;secondary;414;yes;no;no
956;24.0;blue-collar;single;secondary;3;yes;no;no
957;28.0;self-employed;single;tertiary;2503;no;no;no
958;27.0;self-employed;single;secondary;49;yes;no;no
959;;retired;divorced;secondary;70;yes;no;no
960;43.0;services;married;secondary;87;no;no;no
961;49.0;unemployed;married;secondary;4110;no;no;no
962;41.0;blue-collar;married;secondary;-217;yes;no;no
963;36.0;self-employed;married;secondary;4579;yes;no;no
964;44.0;services;married;secondary;1872;yes;no;yes
965;45.0;management;single;secondary;451;yes;no;no
966;45.0;blue-collar;;secondary;-35;yes;yes;no
967;57.0;management;married;tertiary;929;no;no;no
968;57.0;retired;married;primary;9367;no;no;no
969;25.0;blue-collar;single;unknown;586;yes;no;no
970;45.0;management;divorced;tertiary;1;no;no;yes
971;51.0;management;divorced;tertiary;45;no;no;no
972;;technician;;secondary;688;no;no;no
973;27.0;technician;married;secondary;130;yes;no;no
974;36.0;technician;married;secondary;2474;yes;no;no
975;30.0;management;single;tertiary;73;no;no;no
976;41.0;blue-collar;single;secondary;363;yes;no;no
977;32.0;management;single;tertiary;1017;no;no;no
978;51.0;unemployed;married;secondary;17418;yes;no;yes
979;60.0;retired;married;primary;5;no;no;no
980;47.0;blue-collar;single;secondary;-380;no;no;yes
981;37.0;management;single;tertiary;102;yes;no;no
982;46.0;admin.;married;secondary;3028;yes;yes;no
983;57.0;management;;tertiary;334;yes;no;no
984;58.0;blue-collar;married;primary;0;yes;no;no
985;;blue-collar;single;secondary;143;yes;no;no
986;36.0;admin.;married;secondary;0;no;no;no
987;47.0;services;divorced;secondary;430;yes;yes;no
988;30.0;self-employed;;secondary;581;yes;no;no
989;27.0;unemployed;single;secondary;0;yes;no;no
990;41.0;blue-collar;married;secondary;-68;yes;no;no
991;33.0;management;married;tertiary;2071;no;no;no
992;48.0;unknown;single;unknown;1819;no;no;no
993;31.0;blue-collar;single;secondary;648;yes;yes;no
994;37.0;management;divorced;tertiary;241;yes;no;no
995;;management;married;secondary;106;no;no;no
996;41.0;entrepreneur;married;secondary;-1882;yes;no;no
997;58.0;management;married;tertiary;1271;yes;no;no
998;31.0;services;single;secondary;297;no;no;no
999;31.0;entrepreneur;;tertiary;312;no;no;no
1000;23.0;blue-collar;single;secondary;780;yes;no;no
